Gene	PC1_nCohorts	PC1_mean_loading	PC1_max_abs_loading	PC1_present_UKB	PC1_present_CKB	PC1_present_NHS1	PC1_organs_collapsed	PC1_consensus2	PC1_consensus3	PC1_abs_mean_loading
BGN	3	-0.029165673184777	0.0732969211264329	1	1	1	Artery	1	1	0.029165673184777
PRKG1	3	-0.00977103818057278	0.0257105393324679	1	1	1	Artery	1	1	0.00977103818057278
HTR1B	2	-0.00908646725136724	0.041950441728038	1	1	0	Artery	1	0	0.00908646725136724
CRLF1	3	0.0228816449626351	0.141124697029402	1	1	1	Artery	1	1	0.0228816449626351
MFGE8	3	0.0313426391826661	0.097023614309025	1	1	1	Artery	1	1	0.0313426391826661
FN1	3	0.0433248366980408	0.101613285195516	1	1	1	Artery	1	1	0.0433248366980408
CYTL1	3	0.0422811355015792	0.212440766996082	1	1	1	Artery	1	1	0.0422811355015792
FRZB	3	0.0667964870550192	0.171483019126851	1	1	1	Artery	1	1	0.0667964870550192
VCAN	3	0.0907698334287336	0.258525454319011	1	1	1	Artery	1	1	0.0907698334287336
SOST	3	0.0825369296839635	0.216882829302634	1	1	1	Artery	1	1	0.0825369296839635
OGN	3	0.0823673116108141	0.256640160443574	1	1	1	Artery	1	1	0.0823673116108141
ITGBL1	3	0.0910669139142567	0.263936182854868	1	1	1	Artery	1	1	0.0910669139142567
SUSD5	3	0.0973739560114767	0.302186979983308	1	1	1	Artery	1	1	0.0973739560114767
TNFRSF11B	3	0.0653050015706565	0.290156658809035	1	1	1	Artery	1	1	0.0653050015706565
ACAN	3	0.107152605334011	0.318801215666338	1	1	1	Artery	1	1	0.107152605334011
COMP	3	0.111501267798709	0.31435663200554	1	1	1	Artery	1	1	0.111501267798709
MCAM	3	0.0709995921209399	0.311802605561261	1	1	1	Artery	1	1	0.0709995921209399
ELN	3	0.0962268038417313	0.303502133741583	1	1	1	Artery	1	1	0.0962268038417313
EFEMP1	3	0.0935355335015526	0.341436520557614	1	1	1	Artery	1	1	0.0935355335015526
LTBP2	3	0.116229970398754	0.364034535186369	1	1	1	Artery	1	1	0.116229970398754
ENO2	3	-0.111502273463362	0.205146643967725	1	1	1	Brain	1	1	0.111502273463362
NRGN	3	-0.0846019192431183	0.199733724655533	1	1	1	Brain	1	1	0.0846019192431183
RAB33A	3	-0.087989281963753	0.193805399915133	1	1	1	Brain	1	1	0.087989281963753
PPP3R1	3	-0.11071024834523	0.188316734520904	1	1	1	Brain	1	1	0.11071024834523
DNM1	3	-0.0657066131406468	0.187896697372313	1	1	1	Brain	1	1	0.0657066131406468
SCRN1	3	-0.0945458001261823	0.18466583242558	1	1	1	Brain	1	1	0.0945458001261823
CNP	3	-0.0877787242097865	0.184510204177448	1	1	1	Brain	1	1	0.0877787242097865
QDPR	3	-0.105408412064129	0.182639242323051	1	1	1	Brain	1	1	0.105408412064129
DNM3	3	-0.0835957270096634	0.181068208121089	1	1	1	Brain	1	1	0.0835957270096634
SNAP25	3	-0.0779668644818605	0.179438969245151	1	1	1	Brain	1	1	0.0779668644818605
MAP2	3	-0.0819654296541843	0.169506918455737	1	1	1	Brain	1	1	0.0819654296541843
MAPK9	3	-0.0984189840479948	0.167566742706839	1	1	1	Brain	1	1	0.0984189840479948
MOG	3	-0.0733010132013195	0.192008600613164	1	1	1	Brain	1	1	0.0733010132013195
BRSK2	3	-0.0901046159337104	0.149760558608493	1	1	1	Brain	1	1	0.0901046159337104
SEZ6L	3	-0.0756400115919811	0.190659052491109	1	1	1	Brain	1	1	0.0756400115919811
PVALB	3	-0.0766366625967168	0.146170733383323	1	1	1	Brain	1	1	0.0766366625967168
SV2A	3	-0.0717330622875435	0.138404741372024	1	1	1	Brain	1	1	0.0717330622875435
SLITRK1	3	-0.0728657430193164	0.190732532680578	1	1	1	Brain	1	1	0.0728657430193164
BCAN	3	-0.0622110851508299	0.187042392409763	1	1	1	Brain	1	1	0.0622110851508299
PTPRR	3	-0.0648445078271454	0.184633607561151	1	1	1	Brain	1	1	0.0648445078271454
LRTM2	3	-0.0228116524572303	0.249879382843028	1	1	1	Brain	1	1	0.0228116524572303
POLR2F	3	-0.0965076734978456	0.132817935846238	1	1	1	Brain	1	1	0.0965076734978456
KLK6	3	-0.0589122001475908	0.174475495087281	1	1	1	Brain	1	1	0.0589122001475908
CRYM	3	-0.0414353917222338	0.125118415977719	1	1	1	Brain	1	1	0.0414353917222338
SEZ6	3	-0.0383325731056862	0.176533528095405	1	1	1	Brain	1	1	0.0383325731056862
OMG	3	-0.059041973936031	0.153403209821634	1	1	1	Brain	1	1	0.059041973936031
NCAN	3	-0.0527777934011692	0.152044496171956	1	1	1	Brain	1	1	0.0527777934011692
GPR158	3	-0.0194119378592783	0.232299355503112	1	1	1	Brain	1	1	0.0194119378592783
GFRA3	3	-0.0382649942137702	0.16023090089571	1	1	1	Brain	1	1	0.0382649942137702
SYT1	3	-0.0455358625665136	0.179425448943915	1	1	1	Brain	1	1	0.0455358625665136
CNTNAP2	3	-0.0556761732668909	0.135718056224534	1	1	1	Brain	1	1	0.0556761732668909
THY1	3	-0.0659659811228161	0.157828808507361	1	1	1	Brain	1	1	0.0659659811228161
ADAM22	3	-0.0518291697983315	0.148988328211351	1	1	1	Brain	1	1	0.0518291697983315
GFAP	3	-0.0347095500043802	0.100031407884831	1	1	1	Brain	1	1	0.0347095500043802
CNTN2	3	-0.0421884520078679	0.114053600057193	1	1	1	Brain	1	1	0.0421884520078679
SERPINI1	3	-0.0779389643074557	0.101226361629077	1	1	1	Brain	1	1	0.0779389643074557
RAB37	3	-0.0204962697350501	0.0959960092756054	1	1	1	Brain	1	1	0.0204962697350501
SPOCK1	3	-0.0216451379300635	0.144413904094441	1	1	1	Brain	1	1	0.0216451379300635
NEFL	3	-0.0281234475699042	0.0892407872806434	1	1	1	Brain	1	1	0.0281234475699042
VWC2L	3	0.00234370829317355	0.220766241913214	1	1	1	Brain	1	1	0.00234370829317355
CLEC2L	3	0.00914634048038634	0.213025406775811	1	1	1	Brain	1	1	0.00914634048038634
TMPRSS5	3	-0.0218502372961877	0.106606733122716	1	1	1	Brain	1	1	0.0218502372961877
CNTN1	3	-0.0575341045560922	0.102531807973046	1	1	1	Brain	1	1	0.0575341045560922
LHPP	3	-0.057866792542385	0.0720787314144038	1	1	1	Brain	1	1	0.057866792542385
PAIP2B	3	-0.0175266060862664	0.0695962820111751	1	1	1	Brain	1	1	0.0175266060862664
RBFOX3	3	-0.0349940520142421	0.103238523433185	1	1	1	Brain	1	1	0.0349940520142421
TNR	3	-0.0366693881706699	0.103637420826659	1	1	1	Brain	1	1	0.0366693881706699
ABCA2	3	-0.0260068416592125	0.111300073717603	1	1	1	Brain	1	1	0.0260068416592125
SCN2B	3	0.0155546586545708	0.223967164486207	1	1	1	Brain	1	1	0.0155546586545708
MEGF10	3	-0.026407570920015	0.088235472969351	1	1	1	Brain	1	1	0.026407570920015
STX1B	3	-0.0460676411880961	0.0866013937075174	1	1	1	Brain	1	1	0.0460676411880961
CHL1	3	-0.0440148003690139	0.0853809461653982	1	1	1	Brain	1	1	0.0440148003690139
GRIK2	3	-0.022069250504356	0.0833993196295128	1	1	1	Brain	1	1	0.022069250504356
NPTX1	3	-0.0334924146116169	0.08365794627293	1	1	1	Brain	1	1	0.0334924146116169
KIAA1549L	3	-0.0100773165835532	0.120277694336742	1	1	1	Brain	1	1	0.0100773165835532
GPR37	3	-0.0308582704607107	0.073776500455141	1	1	1	Brain	1	1	0.0308582704607107
MEGF11	3	-0.0331208715832305	0.0984663472890578	1	1	1	Brain	1	1	0.0331208715832305
NRXN3	3	-0.0208170235060169	0.0800979634520613	1	1	1	Brain	1	1	0.0208170235060169
ENOPH1	3	-0.0286410130008452	0.0618513994484145	1	1	1	Brain	1	1	0.0286410130008452
ANGPTL7	2	-0.072437345318423	0.0831936821624707	1	1	0	Brain	1	0	0.072437345318423
VSNL1	3	-0.0187955008080996	0.0829942079753148	1	1	1	Brain	1	1	0.0187955008080996
CRTAM	3	-0.0383907643423944	0.0857461280814539	1	1	1	Brain	1	1	0.0383907643423944
SOWAHA	3	-0.00245241720446285	0.141829588840638	1	1	1	Brain	1	1	0.00245241720446285
CA14	3	-0.0246635595197445	0.105539494342102	1	1	1	Brain	1	1	0.0246635595197445
CSPG5	3	0.0107453739273919	0.1886834592534	1	1	1	Brain	1	1	0.0107453739273919
VSTM2B	3	0.0167212348924061	0.176422505797861	1	1	1	Brain	1	1	0.0167212348924061
CNTNAP4	3	-0.0185242159760419	0.0584032762277699	1	1	1	Brain	1	1	0.0185242159760419
ATP1B2	3	-0.00924271850275743	0.114609212614278	1	1	1	Brain	1	1	0.00924271850275743
CNTF	3	-0.0398804535438447	0.0757980305976564	1	1	1	Brain	1	1	0.0398804535438447
CDH22	3	0.0277601902996582	0.218406840676417	1	1	1	Brain	1	1	0.0277601902996582
IGSF21	3	-0.0367009226557827	0.0664284767237735	1	1	1	Brain	1	1	0.0367009226557827
MDGA1	3	-0.0237496200389861	0.065413998985646	1	1	1	Brain	1	1	0.0237496200389861
DOC2B	3	-0.0460454755273977	0.0565207240681174	1	1	1	Brain	1	1	0.0460454755273977
TMEM132A	3	-0.019986378063039	0.0836680353175859	1	1	1	Brain	1	1	0.019986378063039
RAB6B	3	-0.0196005650533703	0.048000024663253	1	1	1	Brain	1	1	0.0196005650533703
GAD1	3	0.00532246536660994	0.124996703028854	1	1	1	Brain	1	1	0.00532246536660994
ELAVL4	3	-0.0251433763956103	0.0489205408163	1	1	1	Brain	1	1	0.0251433763956103
EXTL1	3	-0.0187908590296845	0.0643990079932964	1	1	1	Brain	1	1	0.0187908590296845
C1QL2	3	-0.00941927514964934	0.0823124322089174	1	1	1	Brain	1	1	0.00941927514964934
TSPAN7	3	-0.01664652430525	0.0760377646115026	1	1	1	Brain	1	1	0.01664652430525
ATP6V1G2	3	-0.0207945720204954	0.0431904651731392	1	1	1	Brain	1	1	0.0207945720204954
LCN15	3	-0.0321948667553499	0.0748901215516148	1	1	1	Brain	1	1	0.0321948667553499
GRIN2B	3	-0.0188762086223269	0.0534542625060083	1	1	1	Brain	1	1	0.0188762086223269
FGFBP2	3	-0.0150641278937303	0.0404262024463692	1	1	1	Brain	1	1	0.0150641278937303
RTN4R	3	-0.0225470580999147	0.0587519642908766	1	1	1	Brain	1	1	0.0225470580999147
GAD2	3	-0.0337130816531801	0.0518051551390754	1	1	1	Brain	1	1	0.0337130816531801
NGFR	3	0.0227857471226845	0.199525917305031	1	1	1	Brain	1	1	0.0227857471226845
CEND1	3	-0.020828127300633	0.0666918187557692	1	1	1	Brain	1	1	0.020828127300633
GPR101	3	0.0338859870564186	0.210716576594446	1	1	1	Brain	1	1	0.0338859870564186
FLT3	3	-0.0150980392818747	0.0450750840750702	1	1	1	Brain	1	1	0.0150980392818747
GABRA4	3	-0.0292439924103181	0.0627251911605949	1	1	1	Brain	1	1	0.0292439924103181
APLP1	3	-0.0386359802574166	0.134320190455352	1	1	1	Brain	1	1	0.0386359802574166
CPLX2	2	-0.0449454874280036	0.057193886069326	1	1	0	Brain	1	0	0.0449454874280036
TBR1	3	-0.0318225543638328	0.0656572969178321	1	1	1	Brain	1	1	0.0318225543638328
CBLN1	3	-0.000833985286295446	0.086214221973637	1	1	1	Brain	1	1	0.000833985286295446
MEPE	3	-0.00372944576890496	0.0906617335044446	1	1	1	Brain	1	1	0.00372944576890496
IL9	3	-0.0252398928476549	0.0468941286441031	1	1	1	Brain	1	1	0.0252398928476549
MAG	3	0.024214023213559	0.158522729863951	1	1	1	Brain	1	1	0.024214023213559
PNMA2	3	-0.0166511287751093	0.0614902887290282	1	1	1	Brain	1	1	0.0166511287751093
ANK2	3	-0.0202883705057114	0.0373730731797168	1	1	1	Brain	1	1	0.0202883705057114
CRH	3	-0.00639162899729414	0.0309528037965101	1	1	1	Brain	1	1	0.00639162899729414
SCN2A	3	-0.0216233130145339	0.0521627110510455	1	1	1	Brain	1	1	0.0216233130145339
HTR1A	3	-0.0247578253987364	0.0516462858280484	1	1	1	Brain	1	1	0.0247578253987364
RASGRF1	3	-0.0209144786694223	0.0403864425775961	1	1	1	Brain	1	1	0.0209144786694223
APOD	3	-0.0100696597477707	0.0338324529038192	1	1	1	Brain	1	1	0.0100696597477707
COL28A1	3	-0.00328944612875027	0.0359983952229095	1	1	1	Brain	1	1	0.00328944612875027
IGLON5	3	-0.0133551326346631	0.0272556147451455	1	1	1	Brain	1	1	0.0133551326346631
PMCH	3	-0.0180212454970805	0.0340400410944802	1	1	1	Brain	1	1	0.0180212454970805
CA11	3	-0.0135234747747556	0.0333780999373985	1	1	1	Brain	1	1	0.0135234747747556
KCNIP4	3	-0.00564372439417762	0.0304912958461051	1	1	1	Brain	1	1	0.00564372439417762
CDH15	3	-0.0173280237845069	0.0421606320101288	1	1	1	Brain	1	1	0.0173280237845069
MAPT	3	0.0171959652326515	0.0921951626874748	1	1	1	Brain	1	1	0.0171959652326515
FGF3	2	-0.0222174299337616	0.0307263490940215	1	1	0	Brain	1	0	0.0222174299337616
RGS8	3	-0.00421268216287866	0.0129754761317329	1	1	1	Brain	1	1	0.00421268216287866
CNDP1	3	-0.000789065915841655	0.0154217988412634	1	1	1	Brain	1	1	0.000789065915841655
OXT	3	-0.00342695648416429	0.0266596988939072	1	1	1	Brain	1	1	0.00342695648416429
AMBN	3	0.017568637877016	0.0688155476098796	1	1	1	Brain	1	1	0.017568637877016
MYL3	3	-0.333949132320225	0.602719674228949	1	1	1	Heart	1	1	0.333949132320225
TNNI3	3	-0.501327198508481	0.70319509670518	1	1	1	Heart	1	1	0.501327198508481
MYL4	3	-0.260566673211061	0.390283074741301	1	1	1	Heart	1	1	0.260566673211061
NPPB	3	-0.434669039650941	0.706146162362689	1	1	1	Heart	1	1	0.434669039650941
NMRK2	3	-0.246272146453199	0.434781767074335	1	1	1	Heart	1	1	0.246272146453199
PXDNL	3	-0.208524906226595	0.383372512748219	1	1	1	Heart	1	1	0.208524906226595
BMP10	3	-0.166618742626574	0.426477193512517	1	1	1	Heart	1	1	0.166618742626574
IL18RAP	3	0.0114103115974659	0.0200375412916029	1	1	1	Immune	1	1	0.0114103115974659
HBQ1	3	0.0469856220290969	0.0847013187577575	1	1	1	Immune	1	1	0.0469856220290969
TARM1	3	0.00675673207692348	0.0135607681962086	1	1	1	Immune	1	1	0.00675673207692348
KIR3DL2	3	0.0142534805798185	0.0238908803033875	1	1	1	Immune	1	1	0.0142534805798185
KIR2DS4	3	0.00935031776969605	0.011804738264444	1	1	1	Immune	1	1	0.00935031776969605
IL24	3	0.00894449056256377	0.0144468554862468	1	1	1	Immune	1	1	0.00894449056256377
FOLR3	3	0.0181982859072835	0.0211837046374274	1	1	1	Immune	1	1	0.0181982859072835
LRTM1	3	0.00950930605560324	0.0168813229043004	1	1	1	Immune	1	1	0.00950930605560324
SELPLG	3	-0.00203994446019837	0.0253670879243629	1	1	1	Immune	1	1	0.00203994446019837
EVI2B	3	0.0160163931575793	0.0306917936678995	1	1	1	Immune	1	1	0.0160163931575793
LILRA4	3	0.0211587134889976	0.0357522319779062	1	1	1	Immune	1	1	0.0211587134889976
APOBR	3	0.0157263209034124	0.0353531568022099	1	1	1	Immune	1	1	0.0157263209034124
KIR3DL1	3	0.0194282158951455	0.0255297183831992	1	1	1	Immune	1	1	0.0194282158951455
AHSP	3	0.0650793542781736	0.103573658373924	1	1	1	Immune	1	1	0.0650793542781736
IL2RB	3	0.0203951951925358	0.02709749934428	1	1	1	Immune	1	1	0.0203951951925358
ARHGAP30	3	0.0208611886982714	0.0362961397314532	1	1	1	Immune	1	1	0.0208611886982714
CD177	3	0.0487337147532066	0.0599935615382747	1	1	1	Immune	1	1	0.0487337147532066
BST1	3	0.0507739872993122	0.0671798513533768	1	1	1	Immune	1	1	0.0507739872993122
CEACAM3	3	0.0362706154105598	0.0390870801737159	1	1	1	Immune	1	1	0.0362706154105598
HMOX1	3	0.0395359477122524	0.0564989892568695	1	1	1	Immune	1	1	0.0395359477122524
LTB	3	0.0264953831135627	0.0379150142315882	1	1	1	Immune	1	1	0.0264953831135627
KIR2DL3	3	0.0374675196198641	0.0455536823912301	1	1	1	Immune	1	1	0.0374675196198641
IL2RG	3	0.0377708898519263	0.056386126615732	1	1	1	Immune	1	1	0.0377708898519263
CD1C	3	0.0558134660262484	0.0581095276747384	1	1	1	Immune	1	1	0.0558134660262484
LILRA6	3	0.0523865409993215	0.0572825262742816	1	1	1	Immune	1	1	0.0523865409993215
IL1R2	3	0.0582860496192281	0.0640418604642819	1	1	1	Immune	1	1	0.0582860496192281
PADI4	3	0.0919515885574874	0.139254950115634	1	1	1	Immune	1	1	0.0919515885574874
TLR1	3	0.0792617497361401	0.093524122701995	1	1	1	Immune	1	1	0.0792617497361401
WAS	3	0.0631934987090866	0.117274472444986	1	1	1	Immune	1	1	0.0631934987090866
FCRL3	3	0.0588395841102456	0.0640406635533258	1	1	1	Immune	1	1	0.0588395841102456
FCGR2A	3	0.0924619783127766	0.135347734979067	1	1	1	Immune	1	1	0.0924619783127766
SIGLEC5	3	0.0599919463438956	0.0828548483074261	1	1	1	Immune	1	1	0.0599919463438956
LCP1	3	0.0653460103266079	0.071860369095686	1	1	1	Immune	1	1	0.0653460103266079
FCRL5	3	0.0627036197055479	0.0793190939143798	1	1	1	Immune	1	1	0.0627036197055479
CD5L	3	0.0723131747595792	0.0857620842146528	1	1	1	Immune	1	1	0.0723131747595792
PRG3	3	0.0657248936671146	0.0769653635984335	1	1	1	Immune	1	1	0.0657248936671146
CD8A	3	0.0626922973054411	0.0919905745718147	1	1	1	Immune	1	1	0.0626922973054411
MNDA	3	0.105394330502311	0.13931466140036	1	1	1	Immune	1	1	0.105394330502311
TNFRSF10C	3	0.0835845923583716	0.102373851227066	1	1	1	Immune	1	1	0.0835845923583716
KLRF1	3	0.0590865090784174	0.0787168591796643	1	1	1	Immune	1	1	0.0590865090784174
GZMB	3	0.0732331693007861	0.0805318528870219	1	1	1	Immune	1	1	0.0732331693007861
FCGR3B	3	0.0803919822711305	0.0897883372996677	1	1	1	Immune	1	1	0.0803919822711305
GNLY	3	0.092522527669558	0.109509433386353	1	1	1	Immune	1	1	0.092522527669558
CR2	3	0.0847539555732958	0.0874898936417283	1	1	1	Immune	1	1	0.0847539555732958
CFP	3	0.077935708949044	0.083565352444863	1	1	1	Immune	1	1	0.077935708949044
FCN1	3	0.0715783556413668	0.0843523592461503	1	1	1	Immune	1	1	0.0715783556413668
CXCL1	3	0.0490265260475831	0.0862822130856369	1	1	1	Immune	1	1	0.0490265260475831
CST7	3	0.0709799317418238	0.115165012653611	1	1	1	Immune	1	1	0.0709799317418238
S100A12	3	0.116680618057802	0.152791241426778	1	1	1	Immune	1	1	0.116680618057802
GZMH	3	0.0887743703697795	0.0978264416311086	1	1	1	Immune	1	1	0.0887743703697795
SELL	3	0.086380307393375	0.0893823413278019	1	1	1	Immune	1	1	0.086380307393375
ITGAM	3	0.080736040987172	0.111951267906858	1	1	1	Immune	1	1	0.080736040987172
CLC	3	0.106626459890356	0.132571892599715	1	1	1	Immune	1	1	0.106626459890356
TNFRSF13C	3	0.0894061400755161	0.111553375510994	1	1	1	Immune	1	1	0.0894061400755161
VNN2	3	0.112029478214891	0.131366211703994	1	1	1	Immune	1	1	0.112029478214891
STAB2	3	0.0913796653184599	0.0960621147576199	1	1	1	Immune	1	1	0.0913796653184599
PF4	3	0.0561320309869027	0.0944207429325636	1	1	1	Immune	1	1	0.0561320309869027
FCRL2	3	0.0813176629865069	0.111353182858704	1	1	1	Immune	1	1	0.0813176629865069
CCL5	3	0.063316144664241	0.0966696649796419	1	1	1	Immune	1	1	0.063316144664241
NCF2	3	0.117800263847109	0.136020113169405	1	1	1	Immune	1	1	0.117800263847109
PPBP	3	0.0626705457971403	0.102067842061902	1	1	1	Immune	1	1	0.0626705457971403
MMP9	3	0.114959694129626	0.143117999705251	1	1	1	Immune	1	1	0.114959694129626
PSTPIP2	3	0.0926611504501925	0.122838629664312	1	1	1	Immune	1	1	0.0926611504501925
CXCL13	3	0.0898801933417012	0.104060176373318	1	1	1	Immune	1	1	0.0898801933417012
BIN2	3	0.0952221342382346	0.121599357661747	1	1	1	Immune	1	1	0.0952221342382346
TREML1	3	0.0781350076057924	0.107461851887547	1	1	1	Immune	1	1	0.0781350076057924
LAT2	3	0.11394609173068	0.13489103829109	1	1	1	Immune	1	1	0.11394609173068
CXCL6	3	0.0907590215558608	0.108849151862938	1	1	1	Immune	1	1	0.0907590215558608
OSM	3	0.112692943654099	0.127005848095935	1	1	1	Immune	1	1	0.112692943654099
FGR	3	0.10437233452064	0.111402004388949	1	1	1	Immune	1	1	0.10437233452064
NCR1	3	0.0978150902816505	0.113435162073179	1	1	1	Immune	1	1	0.0978150902816505
FCER2	3	0.097439596949771	0.119313579088525	1	1	1	Immune	1	1	0.097439596949771
CSF3R	3	0.122867105275381	0.132354419279945	1	1	1	Immune	1	1	0.122867105275381
NFE2	3	0.125331132593868	0.160687876583717	1	1	1	Immune	1	1	0.125331132593868
MMP8	3	0.13096720404178	0.152132703361142	1	1	1	Immune	1	1	0.13096720404178
CORO1A	3	0.126521050720826	0.163693861775622	1	1	1	Immune	1	1	0.126521050720826
RNASE3	3	0.125962329200869	0.155406227323188	1	1	1	Immune	1	1	0.125962329200869
FCAR	3	0.133017005351015	0.160034442078676	1	1	1	Immune	1	1	0.133017005351015
SIGLEC7	3	0.108413271132761	0.117165184325864	1	1	1	Immune	1	1	0.108413271132761
FCRL1	3	0.107157470601795	0.124982162062276	1	1	1	Immune	1	1	0.107157470601795
FGD3	3	0.11329633450714	0.137759007851191	1	1	1	Immune	1	1	0.11329633450714
LILRB1	3	0.100747015784373	0.119378719136824	1	1	1	Immune	1	1	0.100747015784373
TNFAIP8L2	3	0.123683135985905	0.159074810907378	1	1	1	Immune	1	1	0.123683135985905
ITGB2	3	0.137218056399977	0.155773866425822	1	1	1	Immune	1	1	0.137218056399977
LRRC25	3	0.0968332761791278	0.129832603539692	1	1	1	Immune	1	1	0.0968332761791278
PRTN3	3	0.142308714804579	0.17248165514025	1	1	1	Immune	1	1	0.142308714804579
PGLYRP1	2	0.127285363969887	0.129857213869177	1	1	0	Immune	1	0	0.127285363969887
VSIR	3	0.114845532256278	0.124795493704141	1	1	1	Immune	1	1	0.114845532256278
LILRA2	3	0.0827827910996229	0.124822454960585	1	1	1	Immune	1	1	0.0827827910996229
CLEC4D	3	0.13370669548054	0.151913637804327	1	1	1	Immune	1	1	0.13370669548054
GZMA	3	0.112434045234811	0.125512539837324	1	1	1	Immune	1	1	0.112434045234811
CEACAM8	3	0.148412054370935	0.183567585650882	1	1	1	Immune	1	1	0.148412054370935
CR1	3	0.123720280928205	0.133085648246409	1	1	1	Immune	1	1	0.123720280928205
ADGRE1	3	0.112262633804155	0.141521038249536	1	1	1	Immune	1	1	0.112262633804155
ICAM3	3	0.119321499720152	0.135172160638953	1	1	1	Immune	1	1	0.119321499720152
ADGRE2	3	0.125269094323139	0.147706908655969	1	1	1	Immune	1	1	0.125269094323139
SIRPB1	3	0.128843850648734	0.150548655193174	1	1	1	Immune	1	1	0.128843850648734
CSF1R	3	0.109139796634854	0.128652701695727	1	1	1	Immune	1	1	0.109139796634854
HCLS1	3	0.134322841097378	0.148745655964728	1	1	1	Immune	1	1	0.134322841097378
CD300A	3	0.129734458780097	0.141737714043535	1	1	1	Immune	1	1	0.129734458780097
LILRA5	3	0.123607589930905	0.134384171321075	1	1	1	Immune	1	1	0.123607589930905
CD79B	3	0.117987033196203	0.151202617571427	1	1	1	Immune	1	1	0.117987033196203
CD48	3	0.143078759240404	0.156914761273569	1	1	1	Immune	1	1	0.143078759240404
SIGLEC10	3	0.133004831379155	0.154651779629424	1	1	1	Immune	1	1	0.133004831379155
APBB1IP	3	0.150701301906146	0.165772699688659	1	1	1	Immune	1	1	0.150701301906146
CD72	3	0.128270017333828	0.148416570894206	1	1	1	Immune	1	1	0.128270017333828
CD244	3	0.136269212811631	0.149033833559619	1	1	1	Immune	1	1	0.136269212811631
TNFRSF1B	3	0.137589387341197	0.152758903278636	1	1	1	Immune	1	1	0.137589387341197
ADAM8	3	0.173118210463444	0.190893139492099	1	1	1	Immune	1	1	0.173118210463444
GUCY2C	3	-0.0223311390785488	0.0451912769497489	1	1	1	Intestine	1	1	0.0223311390785488
CEACAM18	3	-0.00108561833710251	0.00656519342345938	1	1	1	Intestine	1	1	0.00108561833710251
NXPE4	3	-0.0384516783973246	0.0939950922689151	1	1	1	Intestine	1	1	0.0384516783973246
MEP1B	3	-0.00801637933966875	0.0354594538012879	1	1	1	Intestine	1	1	0.00801637933966875
MUC2	3	-0.0330773653017698	0.0807245988676297	1	1	1	Intestine	1	1	0.0330773653017698
OLFM4	3	-0.0204037776011275	0.0903862469757662	1	1	1	Intestine	1	1	0.0204037776011275
GPA33	3	-0.0636251204203679	0.138225994017138	1	1	1	Intestine	1	1	0.0636251204203679
LYPD8	3	-0.0132779905992744	0.0848469588878371	1	1	1	Intestine	1	1	0.0132779905992744
CEACAM20	2	-0.0310906059661515	0.164457741097983	1	1	0	Intestine	1	0	0.0310906059661515
MEP1A	3	-0.0154282623467607	0.152948562223923	1	1	1	Intestine	1	1	0.0154282623467607
PYY	3	-0.0325180221875417	0.137193217573076	1	1	1	Intestine	1	1	0.0325180221875417
ALPI	3	-0.0409060638055316	0.171900158890509	1	1	1	Intestine	1	1	0.0409060638055316
FABP6	3	-0.0503671495925801	0.212472319150575	1	1	1	Intestine	1	1	0.0503671495925801
MUC13	3	-0.0551225884390483	0.210528773258861	1	1	1	Intestine	1	1	0.0551225884390483
CCL11	3	-0.0725040522485141	0.22573014284464	1	1	1	Intestine	1	1	0.0725040522485141
CDH17	3	-0.0627027634255	0.234252920964094	1	1	1	Intestine	1	1	0.0627027634255
SPINK4	3	-0.0718827797593736	0.247162405228551	1	1	1	Intestine	1	1	0.0718827797593736
GUCA2A	3	-0.0948979392776001	0.273492263542291	1	1	1	Intestine	1	1	0.0948979392776001
PPP1R14D	3	-0.109783849154531	0.326867641468813	1	1	1	Intestine	1	1	0.109783849154531
CCL25	3	-0.10526672387703	0.309451662630236	1	1	1	Intestine	1	1	0.10526672387703
REG4	3	-0.0760812897334608	0.319346823665001	1	1	1	Intestine	1	1	0.0760812897334608
RBP2	3	-0.118400990908529	0.371416395033576	1	1	1	Intestine	1	1	0.118400990908529
FABP2	3	-0.112075101677938	0.351174626478921	1	1	1	Intestine	1	1	0.112075101677938
LGALS4	3	-0.119411868297642	0.364258195948554	1	1	1	Intestine	1	1	0.119411868297642
UMOD	3	-0.266111835943495	0.601937714297668	1	1	1	Kidney	1	1	0.266111835943495
BSND	3	-0.0299830237252285	0.223706470887077	1	1	1	Kidney	1	1	0.0299830237252285
NPHS2	3	-0.0872824862480831	0.279232541628551	1	1	1	Kidney	1	1	0.0872824862480831
CYP24A1	3	0.0660202100325291	0.138264098957618	1	1	1	Kidney	1	1	0.0660202100325291
PTH1R	3	0.186429607076147	0.369366994961418	1	1	1	Kidney	1	1	0.186429607076147
FCAMR	3	0.0911156765092143	0.53502244926793	1	1	1	Kidney	1	1	0.0911156765092143
CALCA	3	0.174265952175402	0.650301070447868	1	1	1	Kidney	1	1	0.174265952175402
IGFBP1	3	0.00634961161549587	0.0359549841025362	1	1	1	Liver	1	1	0.00634961161549587
MBL2	3	-0.00301953865856949	0.0264110706607607	1	1	1	Liver	1	1	0.00301953865856949
DBH	3	0.00483986354099935	0.0299968517669461	1	1	1	Liver	1	1	0.00483986354099935
DHODH	3	0.00327297308270743	0.00665791736124922	1	1	1	Liver	1	1	0.00327297308270743
APOF	3	-0.00818579542920348	0.0761633687592759	1	1	1	Liver	1	1	0.00818579542920348
PKLR	3	-0.00480447781787063	0.0311223128527581	1	1	1	Liver	1	1	0.00480447781787063
C9	3	0.0115964372377817	0.0400383583683763	1	1	1	Liver	1	1	0.0115964372377817
AKR1C4	3	0.00426148989814497	0.0242818670437998	1	1	1	Liver	1	1	0.00426148989814497
CLEC4M	3	0.0247423877990603	0.077131102385703	1	1	1	Liver	1	1	0.0247423877990603
PON1	3	0.0135949646037084	0.0789120284146924	1	1	1	Liver	1	1	0.0135949646037084
LPA	3	0.000282952991929861	0.0396372916029787	1	1	1	Liver	1	1	0.000282952991929861
APOA2	3	0.0188808679333206	0.0617900748537974	1	1	1	Liver	1	1	0.0188808679333206
TDO2	3	0.0121412155513365	0.0438058094171046	1	1	1	Liver	1	1	0.0121412155513365
APOH	3	0.000891801894794751	0.0498379288802355	1	1	1	Liver	1	1	0.000891801894794751
SERPINA11	3	0.0388595351323013	0.0963962510374748	1	1	1	Liver	1	1	0.0388595351323013
ITIH3	3	0.0353821379033371	0.0764851880698878	1	1	1	Liver	1	1	0.0353821379033371
FGL1	3	0.0347147677576844	0.0813404739219675	1	1	1	Liver	1	1	0.0347147677576844
MST1	3	0.00948177330325579	0.107998082279597	1	1	1	Liver	1	1	0.00948177330325579
GDF2	3	0.0319618673247332	0.0977376645883235	1	1	1	Liver	1	1	0.0319618673247332
APOB	3	0.0296180158939828	0.069481672975516	1	1	1	Liver	1	1	0.0296180158939828
HGFAC	3	0.0167542051111916	0.0892032965390266	1	1	1	Liver	1	1	0.0167542051111916
APOM	3	0.033625185286517	0.111485899645204	1	1	1	Liver	1	1	0.033625185286517
GC	3	0.0183021888006972	0.10780097017589	1	1	1	Liver	1	1	0.0183021888006972
CFHR4	3	0.0122111969345228	0.106256997538298	1	1	1	Liver	1	1	0.0122111969345228
ANGPTL3	3	0.0444212389240722	0.112941288267616	1	1	1	Liver	1	1	0.0444212389240722
HAO1	3	0.0246427213089387	0.0837390601017866	1	1	1	Liver	1	1	0.0246427213089387
AGXT	3	0.0279601724315915	0.0847461352533102	1	1	1	Liver	1	1	0.0279601724315915
LBP	3	0.0312982910070797	0.0891450667091269	1	1	1	Liver	1	1	0.0312982910070797
CA5A	3	0.0274613068555847	0.0869842421795173	1	1	1	Liver	1	1	0.0274613068555847
CFHR2	3	0.0300814849161173	0.0945893765838418	1	1	1	Liver	1	1	0.0300814849161173
PGLYRP2	3	0.0180399690776556	0.11362123092233	1	1	1	Liver	1	1	0.0180399690776556
C4BPB	3	0.0354371781098536	0.0923504202394627	1	1	1	Liver	1	1	0.0354371781098536
ANG	3	0.0497637746369036	0.129345530513487	1	1	1	Liver	1	1	0.0497637746369036
SERPINA1	3	0.0417561191386586	0.124702737468578	1	1	1	Liver	1	1	0.0417561191386586
TTR	3	0.0369161152354513	0.154408832659251	1	1	1	Liver	1	1	0.0369161152354513
APOA1	3	0.025459779954712	0.137981392573817	1	1	1	Liver	1	1	0.025459779954712
FETUB	3	0.0545160598723333	0.142274811378417	1	1	1	Liver	1	1	0.0545160598723333
SAA4	3	-0.00332427163710167	0.139579162664864	1	1	1	Liver	1	1	0.00332427163710167
APOC1	3	0.0282050255171444	0.1515946611579	1	1	1	Liver	1	1	0.0282050255171444
ASGR2	3	0.0441583823823785	0.122022526523958	1	1	1	Liver	1	1	0.0441583823823785
LECT2	3	0.032052384420569	0.102059281052575	1	1	1	Liver	1	1	0.032052384420569
FGF21	3	0.0331912302370099	0.102185836257999	1	1	1	Liver	1	1	0.0331912302370099
ADH4	3	0.0280977561523538	0.102271023967077	1	1	1	Liver	1	1	0.0280977561523538
RIDA	3	0.0222538175922269	0.103087791126866	1	1	1	Liver	1	1	0.0222538175922269
FTCD	3	0.0323467272014285	0.105239796545381	1	1	1	Liver	1	1	0.0323467272014285
ITIH1	3	-0.00508665658129725	0.145633057125454	1	1	1	Liver	1	1	0.00508665658129725
CCL16	3	0.0636281094590428	0.145711929179655	1	1	1	Liver	1	1	0.0636281094590428
UPB1	3	0.029224948301401	0.107741031402153	1	1	1	Liver	1	1	0.029224948301401
SERPINA6	3	0.0266002062387228	0.16612537966765	1	1	1	Liver	1	1	0.0266002062387228
AHSG	3	0.0420695703667996	0.119482168707084	1	1	1	Liver	1	1	0.0420695703667996
F12	3	0.0422147587138778	0.130557931469963	1	1	1	Liver	1	1	0.0422147587138778
CFHR5	3	0.049138520118661	0.148104450199147	1	1	1	Liver	1	1	0.049138520118661
SERPINA7	3	0.0332623254454273	0.119272257363487	1	1	1	Liver	1	1	0.0332623254454273
AMBP	3	0.0405780449432571	0.12204233922652	1	1	1	Liver	1	1	0.0405780449432571
INHBC	3	0.0598026578829794	0.139684224453569	1	1	1	Liver	1	1	0.0598026578829794
HRG	3	0.0528607936729646	0.157178822733005	1	1	1	Liver	1	1	0.0528607936729646
ASGR1	3	0.0657535410552849	0.145566191526701	1	1	1	Liver	1	1	0.0657535410552849
C8B	3	0.0203909055225208	0.150831223806997	1	1	1	Liver	1	1	0.0203909055225208
F13B	3	0.0417227300683228	0.175339221728291	1	1	1	Liver	1	1	0.0417227300683228
ORM1	3	0.0335273570876379	0.146799254297117	1	1	1	Liver	1	1	0.0335273570876379
F11	3	0.041943891841377	0.181731123755885	1	1	1	Liver	1	1	0.041943891841377
SERPINC1	3	0.0485263807568498	0.184263163607867	1	1	1	Liver	1	1	0.0485263807568498
C5	3	0.0352957151213473	0.156372269925115	1	1	1	Liver	1	1	0.0352957151213473
F2	3	0.0464761335809838	0.181565039639453	1	1	1	Liver	1	1	0.0464761335809838
PROC	3	0.0733436682964105	0.189846478695269	1	1	1	Liver	1	1	0.0733436682964105
KLKB1	3	0.0344032160286528	0.195162734884289	1	1	1	Liver	1	1	0.0344032160286528
AFM	3	0.0541556956179707	0.160483768825747	1	1	1	Liver	1	1	0.0541556956179707
F9	3	0.063225761963186	0.16347592592584	1	1	1	Liver	1	1	0.063225761963186
F7	3	0.0718042940787554	0.177867136677981	1	1	1	Liver	1	1	0.0718042940787554
APCS	3	0.0646194319302303	0.187129085139197	1	1	1	Liver	1	1	0.0646194319302303
FGA	3	0.0392466033296135	0.175290749666986	1	1	1	Liver	1	1	0.0392466033296135
PLG	3	0.0555151612332194	0.20629605829235	1	1	1	Liver	1	1	0.0555151612332194
ITIH4	3	0.0347807912193736	0.184419935582872	1	1	1	Liver	1	1	0.0347807912193736
A1BG	3	0.0674299036292638	0.189829557272484	1	1	1	Liver	1	1	0.0674299036292638
CPB2	3	0.0610630848637354	0.19566251891821	1	1	1	Liver	1	1	0.0610630848637354
CFB	3	0.0638419901404461	0.192115910814956	1	1	1	Liver	1	1	0.0638419901404461
SERPINF2	3	0.0629582420849685	0.197848211777073	1	1	1	Liver	1	1	0.0629582420849685
SERPIND1	3	0.0762596391928238	0.212054424490539	1	1	1	Liver	1	1	0.0762596391928238
AGER	3	-0.133945481961967	0.450508217770052	1	1	1	Lung	1	1	0.133945481961967
SFTPA2	3	-0.119312663553689	0.457692461308646	1	1	1	Lung	1	1	0.119312663553689
SFTPD	3	-0.0824727854788199	0.418603340076928	1	1	1	Lung	1	1	0.0824727854788199
SCGB3A2	3	-0.245419793459305	0.391810748081796	1	1	1	Lung	1	1	0.245419793459305
ALPP	3	-0.110325370437697	0.369172647260589	1	1	1	Lung	1	1	0.110325370437697
SFTPA1	3	-0.136237845965359	0.341033801555796	1	1	1	Lung	1	1	0.136237845965359
ADAMTS8	3	-0.0373993599912498	0.399704535740369	1	1	1	Lung	1	1	0.0373993599912498
SCGB1A1	3	-0.0912231565743148	0.296279321480495	1	1	1	Lung	1	1	0.0912231565743148
CSF2	3	-0.0892940837466555	0.14602282711788	1	1	1	Lung	1	1	0.0892940837466555
CCL18	3	-0.0182159498336874	0.101727938381642	1	1	1	Lung	1	1	0.0182159498336874
VIPR1	3	-0.070846366372969	0.150561581696893	1	1	1	Lung	1	1	0.070846366372969
FGF6	3	0.0259225259282704	0.0536771229375683	1	1	1	Muscle	1	1	0.0259225259282704
ATP1B4	3	0.170621640803509	0.287212344604624	1	1	1	Muscle	1	1	0.170621640803509
RYR1	3	0.0998940551989535	0.169377020049253	1	1	1	Muscle	1	1	0.0998940551989535
MYH4	3	0.112716250170998	0.196709036012677	1	1	1	Muscle	1	1	0.112716250170998
PRKAG3	3	0.236579865525014	0.401560341297373	1	1	1	Muscle	1	1	0.236579865525014
TMOD4	3	0.189574327356473	0.225254246585155	1	1	1	Muscle	1	1	0.189574327356473
CA3	3	0.147471033767482	0.259531068377594	1	1	1	Muscle	1	1	0.147471033767482
MYL1	3	0.178920777405057	0.205829448958877	1	1	1	Muscle	1	1	0.178920777405057
IDI2	3	0.28055891798189	0.354402594543151	1	1	1	Muscle	1	1	0.28055891798189
MYBPC2	3	0.171851469214532	0.267275410027098	1	1	1	Muscle	1	1	0.171851469214532
ENO3	3	0.20624008172269	0.288179981455884	1	1	1	Muscle	1	1	0.20624008172269
NEB	3	0.277986630678857	0.301746393183049	1	1	1	Muscle	1	1	0.277986630678857
TTN	3	0.394011598450067	0.509281528153457	1	1	1	Muscle	1	1	0.394011598450067
TPM3	3	0.284029113405451	0.32524049364642	1	1	1	Muscle	1	1	0.284029113405451
KLHL41	3	0.332614687023484	0.367322760924707	1	1	1	Muscle	1	1	0.332614687023484
MYLPF	3	0.232029014524066	0.311829072646194	1	1	1	Muscle	1	1	0.232029014524066
MYBPC1	3	0.286879858552669	0.378182398223849	1	1	1	Muscle	1	1	0.286879858552669
PM20D1	3	0.007449802184912	0.0216412567212184	1	1	1	Pancreas	1	1	0.007449802184912
PNLIPRP2	3	0.0543635259321121	0.146159522181717	1	1	1	Pancreas	1	1	0.0543635259321121
KLK1	3	0.0184253382908685	0.0740063551900974	1	1	1	Pancreas	1	1	0.0184253382908685
GCG	3	0.00374837051553758	0.0753178796766573	1	1	1	Pancreas	1	1	0.00374837051553758
REG3G	3	-0.00504224332140059	0.0939342952461608	1	1	1	Pancreas	1	1	0.00504224332140059
PPY	3	0.0138563012165034	0.0861557841084056	1	1	1	Pancreas	1	1	0.0138563012165034
CUZD1	3	0.0152612405545361	0.110890758723414	1	1	1	Pancreas	1	1	0.0152612405545361
GP2	3	0.0259914234965375	0.143534153317912	1	1	1	Pancreas	1	1	0.0259914234965375
REG1A	3	0.0402161659760749	0.111100908240045	1	1	1	Pancreas	1	1	0.0402161659760749
KIRREL2	3	0.0235106128458763	0.140069565703003	1	1	1	Pancreas	1	1	0.0235106128458763
REG1B	3	0.0551071349600319	0.147159524282866	1	1	1	Pancreas	1	1	0.0551071349600319
SPINK1	3	0.0113120881643028	0.144283431491211	1	1	1	Pancreas	1	1	0.0113120881643028
CPA2	3	0.0609142695341895	0.166963086177708	1	1	1	Pancreas	1	1	0.0609142695341895
CLPS	3	0.0542237314188997	0.176590072917706	1	1	1	Pancreas	1	1	0.0542237314188997
AMY2A	3	0.0565556090320541	0.217817739076301	1	1	1	Pancreas	1	1	0.0565556090320541
AMY2B	3	0.0634475014098787	0.224049244425257	1	1	1	Pancreas	1	1	0.0634475014098787
SERPINI2	3	0.0650104526995733	0.216208136031865	1	1	1	Pancreas	1	1	0.0650104526995733
CELA2A	3	0.0742935706246672	0.231420161621876	1	1	1	Pancreas	1	1	0.0742935706246672
CTRL	3	0.0803874743874001	0.232349143847203	1	1	1	Pancreas	1	1	0.0803874743874001
CTRC	3	0.0813396267766732	0.244070653425371	1	1	1	Pancreas	1	1	0.0813396267766732
PLA2G1B	3	0.080804476882133	0.244537994689901	1	1	1	Pancreas	1	1	0.080804476882133
PNLIPRP1	3	0.0928320070362868	0.251771524909104	1	1	1	Pancreas	1	1	0.0928320070362868
CTRB1	3	0.0714452125060568	0.280236071032644	1	1	1	Pancreas	1	1	0.0714452125060568
PRSS2	3	0.0851446190629812	0.267040479348482	1	1	1	Pancreas	1	1	0.0851446190629812
CPB1	3	0.097119465173943	0.281655365367599	1	1	1	Pancreas	1	1	0.097119465173943
CPA1	3	0.0978166241773548	0.28288480032864	1	1	1	Pancreas	1	1	0.0978166241773548
CELA3A	3	0.110349561867426	0.294388131390179	1	1	1	Pancreas	1	1	0.110349561867426
PNLIP	3	0.0971843111666016	0.288349572694143	1	1	1	Pancreas	1	1	0.0971843111666016
